"seed","cube_x_m","cube_y_m","result","final_target_error_mm","logged_frames","episode_folder","ended_utc"
"51","0.5442440260840617","-0.21157170664695021","success","5.6791","64","reach_red_20261006T192049Z","10/06/2026 20:21:01"
"52","0.511576342284297","-0.19554643384925463","success","5.4981","63","reach_red_20261006T192102Z","10/06/2026 20:21:13"
"53","0.4511127541379189","-0.18686537300016537","success","5.4921","61","reach_red_20261006T192114Z","10/06/2026 20:21:24"
"54","0.47224506406438804","-0.1988851982700542","success","5.3927","62","reach_red_20261006T192125Z","10/06/2026 20:21:36"
"55","0.5332251244152361","-0.17776125451738667","success","5.7199","63","reach_red_20261006T192137Z","10/06/2026 20:21:47"
"56","0.5226126414743277","-0.22898582960104483","success","5.7134","63","reach_red_20261006T192148Z","10/06/2026 20:21:59"
"57","0.5184165764367435","-0.20190128190734274","success","5.4685","63","reach_red_20261006T192200Z","10/06/2026 20:22:11"
"58","0.4809012163764695","-0.1772099824200415","success","5.5912","61","reach_red_20261006T192211Z","10/06/2026 20:22:21"
"59","0.5087747521841749","-0.18043603059711288","success","5.6498","62","reach_red_20261006T192222Z","10/06/2026 20:22:33"
"60","0.482428428042283","-0.2283712052641137","success","5.5036","62","reach_red_20261006T192234Z","10/06/2026 20:22:44"
"61","0.48743747615672534","-0.18368383496024332","success","5.4051","62","reach_red_20261006T192245Z","10/06/2026 20:22:57"
"62","0.5109320530042148","-0.18513360244780985","success","5.5266","62","reach_red_20261006T192258Z","10/06/2026 20:23:09"
"63","0.5060078433113167","-0.17046446786787567","success","5.6326","62","reach_red_20261006T192310Z","10/06/2026 20:23:21"
"64","0.5443492517310604","-0.19859963054583005","success","5.6655","64","reach_red_20261006T192322Z","10/06/2026 20:23:33"
"65","0.45473920358941","-0.19890665704681898","success","5.3346","61","reach_red_20261006T192334Z","10/06/2026 20:23:46"
"66","0.5423732973898326","-0.188430908639463","success","5.5538","63","reach_red_20261006T192347Z","10/06/2026 20:23:58"
"67","0.4914331978591161","-0.22238367391816577","success","5.7007","62","reach_red_20261006T192359Z","10/06/2026 20:24:10"
"68","0.49843670927672373","-0.17910042352518327","success","5.527","62","reach_red_20261006T192411Z","10/06/2026 20:24:23"
"69","0.5080372843252845","-0.19838888943805594","success","5.5057","62","reach_red_20261006T192425Z","10/06/2026 20:24:41"
"70","0.4880733910018544","-0.18657165725406974","success","5.5712","62","reach_red_20261006T192442Z","10/06/2026 20:24:58"
